SiteSubscriptionId,OMSTenantId,OrganizationName,MSSalesCountryCode,CustomerSegmentGroup,HasPaid,HasEducation,IsFraud,DateLastSeen,LicensesEnabled,StorageConsumedGB
1d98e06c-4ddd-4e8f-a6ca-36b9bf876142,1d98e06c-4ddd-4e8f-a6ca-36b9bf876142,GEOSPATIAL MEDIA AND COMMUNICATIONS,IN,SMC - SMB,True,False,,06/21/2019 00:00:00,36,11833.31
4d1e5195-39c1-4827-a671-a26e4d70030f,4d1e5195-39c1-4827-a671-a26e4d70030f,KIWANIS INTERNATIONAL FOUNDATION INC.,US,SMC - SMB,True,False,,05/12/2024 00:00:00,135,10701.37
2a041e44-4b02-4e30-ab9b-4012d86a24e1,2a041e44-4b02-4e30-ab9b-4012d86a24e1,AGENCE URBAINE DE BÉNI MELLAL,MA,SMC - SMB,True,False,,05/04/2025 00:00:00,79,10087.32
fdea4c1a-31da-4b69-898f-a01c777da188,fdea4c1a-31da-4b69-898f-a01c777da188,三重テレビ放送株式会社,JP,SMC - SMB,True,False,,06/21/2019 00:00:00,133,8752.39
40f82517-e495-4e87-9a42-b498e914dd3e,40f82517-e495-4e87-9a42-b498e914dd3e,ROYAL NEW ZEALAND BALLET,NZ,SMC - SMB,True,False,,03/04/2025 00:00:00,152,6825.42
0f99ff00-9fd3-4e86-afe2-8cd954228e6e,0f99ff00-9fd3-4e86-afe2-8cd954228e6e,PASQUALI PARISE E GASPARINI JUNIOR ADVOGADOS,BR,SMC - SMB,True,False,,04/03/2019 00:00:00,0,6101.39
eb4feb83-074f-4e29-b039-49259d037a71,eb4feb83-074f-4e29-b039-49259d037a71,TWENTY-FOUR CON & SUPPLY PUBLIC COMPANY LIMITED,TH,SMC - SMB,True,False,,12/19/2022 00:00:00,100,5742.9
6ca0309b-f023-458e-8e1c-9a1d0fd72087,6ca0309b-f023-458e-8e1c-9a1d0fd72087,NATIV GLOBAL HOLDINGS (PVT) LTD,PK,SMC - SMB,True,False,,07/19/2024 00:00:00,44,4675.76
e242f42e-e3e8-4390-8e7d-393f37631cc7,e242f42e-e3e8-4390-8e7d-393f37631cc7,"CENTURY HVAC DISTRIBUTING, L.P.",US,SMC - SMB,True,False,,10/11/2024 00:00:00,149,4256.96
88f89a23-48d2-4dab-b084-452717255ce6,88f89a23-48d2-4dab-b084-452717255ce6,BALTMAN & CIA SAS,CO,SMC - SMB,True,False,,01/27/2023 00:00:00,66,4049.33
8c6b8e3f-d7df-4587-83a1-6d65041056d9,8c6b8e3f-d7df-4587-83a1-6d65041056d9,CERASOLI  	LUIGI,IT,,True,False,,12/15/2019 00:00:00,,3772.6
9981e054-ae54-4293-a817-2c20968d3625,9981e054-ae54-4293-a817-2c20968d3625,INGENIØRFIRMAET SVENDSEN & CO AS,NO,SMC - SMB,True,False,,05/01/2021 00:00:00,10,3192.17
372dca3d-7172-4c91-af64-2fcde59b54d4,372dca3d-7172-4c91-af64-2fcde59b54d4,MARQUILLAS S.A,CO,SMC - SMB,True,False,,08/23/2024 00:00:00,61,3011.04
82e8fe11-56c8-454a-bcac-461997e0e1ba,82e8fe11-56c8-454a-bcac-461997e0e1ba,NGENUX SOLUTIONS PRIVATE LIMITED,IN,SMC - SMB,True,False,,04/01/2020 00:00:00,15,2931
731fc61c-3889-404f-a9ca-0e8cf8ed9238,731fc61c-3889-404f-a9ca-0e8cf8ed9238,HC CLOVER PRODUCTOS Y SERVICIOS SL,ES,SMC - SMB,True,False,,12/13/2020 00:00:00,42,2708.47
92aeef5f-e653-4e38-aa30-f3f63d338342,92aeef5f-e653-4e38-aa30-f3f63d338342,DINACO IMPORTACAO COMERCIO S A,BR,SMC - SMB,True,False,,08/17/2019 00:00:00,72,2489.64
88ea8513-ae8f-453b-bd87-5fa6382cec67,376b7ae4-bd2c-48f9-8eda-708d29426755,BUNDESBILDUNGSANSTALT FÜR KINDERGARTENPÄDAGOGIK,AT,EDU,True,True,,03/29/2019 00:00:00,752,2441.18
72095763-e0f9-4dde-ab39-c858547252ec,72095763-e0f9-4dde-ab39-c858547252ec,DEKMA BOLIVIA S.A.,BO,SMC - SMB,True,False,,03/20/2024 00:00:00,25,2377.13
c21fd5f5-9756-4450-9246-9990fb016ee2,c21fd5f5-9756-4450-9246-9990fb016ee2,ELEKTRO-PROJEKCE S.R.O.,CZ,SMC - SMB,True,False,,03/31/2019 00:00:00,31,2352.62
86471f89-3cf2-46e5-bee2-f193f7156d2d,86471f89-3cf2-46e5-bee2-f193f7156d2d,SPAC TEAM TEST,US,SMC - SMB,False,False,,05/10/2024 00:00:00,0,2159.83
9a383b57-7a1d-41e3-bc59-7d9829994d2e,9a383b57-7a1d-41e3-bc59-7d9829994d2e,SOLEO CONTACT NEDERLAND B.V.,NL,SMC - SMB,True,False,,07/05/2024 00:00:00,280,2037.06
732b6a40-f220-4524-8526-51bbe7aa88b3,0146ea2f-78d1-4480-be60-d9a43a132677,CARREFOUR JEUNESSE-EMPLOI DE MARQUETTE	LACHINE,CA,SMC - SMB,True,False,,06/21/2019 00:00:00,83,2005.43
18a1e477-0b60-453d-8217-d9882676f862,18a1e477-0b60-453d-8217-d9882676f862,SOLUGISTIK S.A.S,CO,SMC - SMB,True,False,,06/03/2025 00:00:00,76,1991.71
d3e6638d-9254-48ea-9c60-b81b90daf050,d3e6638d-9254-48ea-9c60-b81b90daf050,FIRST UNITED METHODIST CHURCH OF SMYRNA,US,SMC - SMB,True,False,,04/03/2019 00:00:00,89,1788.26
dd5d0b28-c930-4d1a-a570-bdb5ad03f076,dd5d0b28-c930-4d1a-a570-bdb5ad03f076,MIAMI DADE COUNTY FAIR & EXPOSITION,US,EDU,True,False,,05/24/2023 00:00:00,40,1720.96
419b9228-4f05-4237-a321-16697c103b5b,419b9228-4f05-4237-a321-16697c103b5b,ST GABRIEL'S FOUNDATION,SG,SMC - SMB,True,False,,04/30/2025 00:00:00,46,1663.9
58ccaaac-37af-41ee-a0bc-bd89f516c8a7,58ccaaac-37af-41ee-a0bc-bd89f516c8a7,PRETORIUS LE ROUX ATTORNEYS,ZA,SMC - SMB,True,False,,05/11/2025 00:00:00,20,1525.09
e4fa873f-52ac-4aab-abdd-79c12df77585,e4fa873f-52ac-4aab-abdd-79c12df77585,IN COMMEDAM S.A.,DO,SMC - SMB,True,False,,05/01/2024 00:00:00,18,1472.83
682491cf-f41a-45ca-9fc5-b427c99466ca,682491cf-f41a-45ca-9fc5-b427c99466ca,TELECOMUNICATION STRATEGY CORP,PA,SMC - SMB,True,False,,04/03/2025 00:00:00,17,1435.9
6d1f11c6-4af5-4436-b252-72e25e184042,6d1f11c6-4af5-4436-b252-72e25e184042,CONSORCIO GIA RM GORGAS,PA,SMC - SMB,True,False,,09/13/2024 00:00:00,30,1396.83
6c65208c-bcf0-4d64-b80c-e115784dd5ff,6c65208c-bcf0-4d64-b80c-e115784dd5ff,HUSSAIN CHAUDHURY CONSULTING,PK,SMC - SMB,True,False,,07/26/2024 00:00:00,32,1352.04
3f72f4f5-9848-48c3-8a64-900d18e165dc,3f72f4f5-9848-48c3-8a64-900d18e165dc,特定非営利活動法人ゴールドリボン・ネットワーク,JP,SMC - SMB,True,False,,01/30/2022 00:00:00,14,1279
b393c268-fd42-4149-99a8-4e33f8e36432,b393c268-fd42-4149-99a8-4e33f8e36432,ALPHA NETWORK TECHNOLOGY,PA,SMC - SMB,True,False,,09/29/2024 00:00:00,11,1260.62
b39d2aa6-a776-46f6-bd1b-aa3b1efe572b,b39d2aa6-a776-46f6-bd1b-aa3b1efe572b,NOVAFEM SAS,CO,SMC - SMB,True,False,,04/29/2024 00:00:00,39,1231.56
6da5030f-98b8-44e9-9c34-798b5a8de871,6da5030f-98b8-44e9-9c34-798b5a8de871,EXACTA AS,NO,SMC - SMB,True,False,,04/10/2021 00:00:00,99,1215.1
89b46d41-fabf-4426-94cd-1156f97a3ac2,ea81f189-cd2e-4f0b-9b76-7bcd516cee90,INTEGRITY TESTING SERVICES,CA,SMC - SMB,True,False,,11/29/2020 00:00:00,27,1214.13
65a8bbff-e655-41be-abf9-c95f8d87e449,65a8bbff-e655-41be-abf9-c95f8d87e449,COMISIÓN NACIONAL PROTECCIÓN PORTUARIA,HN,SMC - Corporate,True,False,,09/16/2024 00:00:00,31,1141.29
790133fb-d535-4aa7-a860-98f2974782f4,790133fb-d535-4aa7-a860-98f2974782f4,株式会社モルビド,JP,SMC - SMB,False,False,,01/21/2022 00:00:00,8,1018.46
1aea4f1d-e975-4e9c-a109-b1a25da0246c,1aea4f1d-e975-4e9c-a109-b1a25da0246c,SYLVA DEVELOPPEMENT,FR,SMC - SMB,True,False,,03/29/2019 00:00:00,26,951.73
288f6d72-bb8f-4383-9741-c82cffcd2de9,288f6d72-bb8f-4383-9741-c82cffcd2de9,SAVVY KITCHENS,IE,SMC - SMB,True,False,,07/19/2024 00:00:00,12,930.27
051bf61a-c930-4ab3-b371-a648f15e7e82,051bf61a-c930-4ab3-b371-a648f15e7e82,URBAN EXPOSURE LTD,GB,SMC - SMB,True,False,,03/29/2019 00:00:00,36,908.38
f4e4df4f-9e84-46b4-b4ed-0f7cfa997970,85e96b7b-d792-4267-8846-568762ce1e77,NP ASSOCIATES,GB,SMC - SMB,True,False,,07/16/2024 00:00:00,3,811.9
1a1e1130-0f06-4570-a057-7751792e30bb,1a1e1130-0f06-4570-a057-7751792e30bb,ALIMENTOS BUSTAMES SAS,CO,SMC - SMB,False,False,,05/02/2021 00:00:00,6,794.59
b1da86db-c155-48fe-a7d7-cca84d72f7dc,b1da86db-c155-48fe-a7d7-cca84d72f7dc,TELECONTACTO,PR,SMC - SMB,True,False,,04/29/2024 00:00:00,90,794.19
fdd898b2-5c64-4b15-9c20-c7a017e635fb,fdd898b2-5c64-4b15-9c20-c7a017e635fb,AVANTECH,US,SMC - SMB,True,False,,07/20/2024 00:00:00,39,742.71
277de3eb-d8be-47b0-a0c6-ff656df2330a,277de3eb-d8be-47b0-a0c6-ff656df2330a,BOBBY PARIKH ASSOCIATES,IN,SMC - SMB,True,False,,06/21/2019 00:00:00,19,730.62
3b2508af-4b50-4f4e-bbc3-09a5aa68f29f,3b2508af-4b50-4f4e-bbc3-09a5aa68f29f,MINAS Y CONCENTRADORAS S.A.,PE,SMC - SMB,True,False,,02/22/2024 00:00:00,22,723.45
6d9a595c-3a15-4d17-988e-33428048e85d,6d9a595c-3a15-4d17-988e-33428048e85d,ARKKITEHDIT MUSTONEN OY,FI,SMC - SMB,True,False,,06/21/2019 00:00:00,11,721.35
828d7740-7e5a-42f8-84b4-818c2fd62419,3338d7be-1542-4b0d-98a7-a07493e725c9,JAN BAUER,CZ,SMC - SMB,True,False,,07/16/2024 00:00:00,1,690.03
3641501a-9ebe-4c1a-aba8-11cc223526fe,3641501a-9ebe-4c1a-aba8-11cc223526fe,TEST_TEST_OFFICE365E3_SELFSERVICEHB_202410140854_XWKRHFW6AD,US,,False,False,,03/22/2025 00:00:00,0,602.53
b0d787d3-f802-4829-ae26-be81c8c3027c,b0d787d3-f802-4829-ae26-be81c8c3027c,ZAPALAC/REED CONSTRUCTION COMPANY,US,SMC - SMB,True,False,,03/25/2024 00:00:00,34,599.68
b2702c8c-4800-4238-b6bc-611382073561,b2702c8c-4800-4238-b6bc-611382073561,"ZÁKLADNÍ ŠKOLA A MATEŘSKÁ ŠKOLA, PILNÍKOV, OKRES TRUTNOV",CZ,EDU,True,True,,03/29/2019 00:00:00,11,599.68
e4c8fc28-cda9-4312-827d-19b371f67802,e4c8fc28-cda9-4312-827d-19b371f67802,TAU JOY PROMOCOES E PROJETOS LTDA EPP,BR,SMC - SMB,True,False,,04/03/2019 00:00:00,11,588.46
1a072040-2096-4e96-84d4-6ce0c4deb459,1a072040-2096-4e96-84d4-6ce0c4deb459,"BXVIDEO SOLUTIONS, LLC",US,SMC - SMB,True,False,,07/31/2022 00:00:00,6,546.45
8a8cbdb6-c73c-4592-8841-5a125a0978e0,8a8cbdb6-c73c-4592-8841-5a125a0978e0,SCHULGEMEINDE MERISHAUSEN-BARGEN,CH,EDU,True,True,,06/21/2019 00:00:00,68,541.78
e2688eb5-d407-41fe-8b71-f43aa21bfab4,e2688eb5-d407-41fe-8b71-f43aa21bfab4,PERANDIN SOCIEDADE DE ADVOGADOS,BR,SMC - SMB,True,False,,02/20/2020 00:00:00,,533.17
92cc6944-b2c2-4df2-97d8-8ed0f200722b,92cc6944-b2c2-4df2-97d8-8ed0f200722b,MAPPS MASTER APPRAISAL,RO,SMC - SMB,True,False,,03/28/2021 00:00:00,8,506.08
2666f68c-7c86-4f08-9fd5-0dd757ae0242,2666f68c-7c86-4f08-9fd5-0dd757ae0242,SKYWARE BUSINESS SOLUTIONS LTD,MU,SMC - SMB,False,False,,05/11/2022 00:00:00,0,499.97
1fe44845-1566-45b4-b577-daf0b3b33498,1fe44845-1566-45b4-b577-daf0b3b33498,ALERON IT SOLUTIONS KFT.,HU,SMC - SMB,True,False,,08/24/2022 00:00:00,22,481.38
e4e46650-3019-46fc-86c7-1df6a7babdc3,e4e46650-3019-46fc-86c7-1df6a7babdc3,GROUPE-CONSEIL EN DÉVELOPPEMENT DE L'HABITATION DE 	MONTREAL,CA,SMC - SMB,True,False,,06/21/2019 00:00:00,32,459.3
24e2f36f-bc7d-4037-b164-6a01f9173680,24e2f36f-bc7d-4037-b164-6a01f9173680,TANYA ILDIROĞLU,TR,SMC - SMB,True,False,,04/11/2024 00:00:00,5,448.74
e4ccc2f7-833d-468a-a5c3-4ca7cde2436d,e4ccc2f7-833d-468a-a5c3-4ca7cde2436d,MCKINNON CABINET MAKERS,AU,SMC - SMB,True,False,,03/24/2021 00:00:00,2,441.84
3f2723ed-ae3c-4207-b5cd-a782a9eed403,3f2723ed-ae3c-4207-b5cd-a782a9eed403,組織名稱	HOPE CULTURAL AND EDUCATIONAL FOUNDATION,TW,SMC - SMB,True,False,,06/21/2019 00:00:00,46,426.53
0312c6af-0d1a-4933-b153-52a074e922f3,0312c6af-0d1a-4933-b153-52a074e922f3,ESPUMAR,SV,SMC - SMB,False,False,,05/06/2025 00:00:00,1,421.67
31a2be46-6d03-4a6f-a05f-48013e52434e,31a2be46-6d03-4a6f-a05f-48013e52434e,LA GAITANA FARMS SAS,CO,SMC - SMB,True,False,,05/02/2025 00:00:00,53,405.3
695cb94a-b723-4418-a186-82b9d5319225,695cb94a-b723-4418-a186-82b9d5319225,METROPOLITAN LIBRARY SERVICE AGENCY	CORPORATE,US,SMC - SMB,True,False,,06/21/2019 00:00:00,9,391.76
415fe4b9-70bb-42f8-ad7a-50218ef1e425,415fe4b9-70bb-42f8-ad7a-50218ef1e425,EUREKA CHAMBER OF COMMERCE,US,SMC - SMB,True,False,,04/03/2019 00:00:00,2,380.32
bcde665b-5708-477a-b630-bdf2be6c5cca,bcde665b-5708-477a-b630-bdf2be6c5cca,SUCCESSFUL SUTTON,GB,SMC - SMB,True,False,,03/29/2019 00:00:00,2,359.6
ed3db49a-0453-4581-b305-b1cf67cbfa6b,ed3db49a-0453-4581-b305-b1cf67cbfa6b,CONTOSO,US,SMC - SMB,False,False,,05/25/2025 00:00:00,0,337.33
7fd4838e-352b-4d8d-ab0c-7678110c99db,7fd4838e-352b-4d8d-ab0c-7678110c99db,KMP TURİZM SANAYİ TİCARET LTD. ŞTİ.,TR,SMC - SMB,True,False,,05/04/2025 00:00:00,8,320.19
a78568b1-cc17-4526-9a8f-6cb68deffa7a,a78568b1-cc17-4526-9a8f-6cb68deffa7a,NO REMOVE!! PROXIMUS PMS/SFC 2,BE,,False,False,,09/21/2024 00:00:00,14,311.87
f66bc242-4904-4ae5-9381-e6358b471b69,ff5ae89d-44e9-4737-82b2-76bf650a62c9,AJCC ARNSTEIN JEWISH COMMUNITY CENTER,US,SMC - SMB,True,False,,01/27/2024 00:00:00,41,311.14
4f027de7-4758-4da7-ae04-265a4ac682fa,4f027de7-4758-4da7-ae04-265a4ac682fa,EKOLAMP S.R.O.,CZ,SMC - SMB,True,False,,01/31/2022 00:00:00,11,304.7
9c94c09b-8766-4b3f-9703-92a1b169ccd6,9c94c09b-8766-4b3f-9703-92a1b169ccd6,TEST_TEST_OFFICE365E5_SELFSERVICEHB_202409170651_Y9ZMYXWUP1,US,,False,False,,02/24/2025 00:00:00,0,300.85
255f2205-a143-43de-9feb-a600601530ef,255f2205-a143-43de-9feb-a600601530ef,BARRIENTOS FERNANDEZ ANA LUIS,ES,SMC - SMB,True,False,,05/05/2025 00:00:00,1,292.53
7205cf70-b508-4103-a8f8-75f69758e663,7205cf70-b508-4103-a8f8-75f69758e663,MG ELEKTRO AS,NO,SMC - SMB,True,False,,03/29/2019 00:00:00,31,291.48
1c3c19c6-2bdc-4261-bf31-813af28a581c,1c3c19c6-2bdc-4261-bf31-813af28a581c,STICHTING GARANTIE DEUREN GND,NL,SMC - SMB,True,False,,03/29/2019 00:00:00,2,285.3
f34cb192-e9af-4fcc-a79f-26dc9feacc89,f34cb192-e9af-4fcc-a79f-26dc9feacc89,TEST_TEST_PROJECT_SELFSERVICEHB_202501230350_YFNP2PS591,US,,False,False,,05/23/2025 00:00:00,0,265.64
6b5617b2-a984-4273-ba10-cd76002d91ea,6b5617b2-a984-4273-ba10-cd76002d91ea,ACCUEIL ET INTÉGRATION BSL INC.,CA,SMC - SMB,True,False,,11/18/2021 00:00:00,20,260.24
6098a3ec-e1b9-4e1e-9e6b-0e99b1a0fa61,6098a3ec-e1b9-4e1e-9e6b-0e99b1a0fa61,L'ANCRE,CA,SMC - SMB,True,False,,03/01/2024 00:00:00,5,254.97
54c4b4e8-e891-4ddb-a583-4c93a1bea9c6,54c4b4e8-e891-4ddb-a583-4c93a1bea9c6,BÖLTER BETTEN & CIE GMBH,DE,SMC - SMB,True,False,,10/17/2020 00:00:00,3,247.7
0466ebce-ff2b-4e78-bc7f-8fd9d77b9261,0466ebce-ff2b-4e78-bc7f-8fd9d77b9261,A.B. EPICUREAN ADVENTURES PTY LTD,AU,SMC - SMB,True,False,,09/17/2022 00:00:00,2,243.85
7473f220-09cc-480d-82b9-02716e019a30,7473f220-09cc-480d-82b9-02716e019a30,KAOLIN ASSOCIES,FR,SMC - SMB,True,False,,03/29/2019 00:00:00,4,237.82
28108ec1-ce82-4031-8010-ba75f4f5919b,28108ec1-ce82-4031-8010-ba75f4f5919b,CENTRE DE LA PETITE ENFANCE TOUT DOUX,CA,SMC - SMB,True,False,,06/21/2019 00:00:00,70,237.44
16e6be8e-ecd1-40bc-b7e1-496e190f6fbc,16e6be8e-ecd1-40bc-b7e1-496e190f6fbc,HGC - CENTRO AUDITIVO LTDA,BR,SMC - SMB,True,False,,05/28/2022 00:00:00,45,227.96
f7f777a3-136a-473e-838c-1572932520b0,f7f777a3-136a-473e-838c-1572932520b0,PSD BANK RHEINNECKARSAAR EG,DE,Enterprise,True,False,,07/15/2023 00:00:00,0,226.08
c368a8a4-e236-43de-bcf9-c0c51a3bf029,c368a8a4-e236-43de-bcf9-c0c51a3bf029,DWEST UNIPESSOAL LDA,PT,SMC - SMB,True,False,,07/11/2024 00:00:00,1,225.36
b8516d96-975e-4a7a-b54c-b1ff81b71f1e,b8516d96-975e-4a7a-b54c-b1ff81b71f1e,CDC DE VAUDREUIL-SOULANGES,CA,SMC - SMB,True,False,,03/13/2025 00:00:00,5,217.76
74b8777a-d68a-4fed-a214-3f0935e30f5d,74b8777a-d68a-4fed-a214-3f0935e30f5d,PUNJAB OIL MILLS,PK,SMC - SMB,True,False,,04/08/2024 00:00:00,74,207.69
45a0655a-7445-4cb4-b4b4-2d654f85ad9a,45a0655a-7445-4cb4-b4b4-2d654f85ad9a,HÚSAFELL RESORT EHF.,IS,SMC - SMB,True,False,,03/29/2019 00:00:00,12,206.49
2d374f46-e466-457a-b32c-7bef2cbe5779,2d374f46-e466-457a-b32c-7bef2cbe5779,PRODUCTOS AGRICOLAS AGUA CLARA S.A.S.,CO,SMC - SMB,False,False,,04/29/2024 00:00:00,6,204.44
92dce716-0c8d-4b8a-ae50-df9171a75b7b,92dce716-0c8d-4b8a-ae50-df9171a75b7b,ESKOLANMÄEN KIINTEISTÖPALVELUT OY,FI,SMC - SMB,True,False,,03/29/2019 00:00:00,30,192.96
e1f47c03-d8d3-4c87-9918-cb69ff037bd8,e1f47c03-d8d3-4c87-9918-cb69ff037bd8,TANGOR CORP SRL,DO,SMC - SMB,True,False,,09/21/2024 00:00:00,10,189.46
856a1e20-c878-43b6-8703-eb04226dda20,856a1e20-c878-43b6-8703-eb04226dda20,ANACOM ELETRONICA LTDA,BR,SMC - SMB,True,False,,07/30/2019 00:00:00,18,186.45
afb494db-d6be-45ba-9d75-aa2e0ddb3163,afb494db-d6be-45ba-9d75-aa2e0ddb3163,ASTAM ALLG.STAHL-ANLAGEN- U. MASCHINENBAU GES.M.B.H.,AT,SMC - SMB,True,False,,10/09/2022 00:00:00,36,185.47
9d5e3c5a-de0e-4b72-8ad6-57507377d233,9d5e3c5a-de0e-4b72-8ad6-57507377d233,ACTIVIDADES CORPORATIVAS JN SOCIEDAD ANONIMA,GT,SMC - SMB,True,False,,05/28/2024 00:00:00,17,184.3
a589239c-10d3-4163-828b-2bc27a9bbdfd,a589239c-10d3-4163-828b-2bc27a9bbdfd,QUINTA CAPITAL PARTNERS SRL,IT,SMC - SMB,True,False,,03/29/2019 00:00:00,5,183.25
60744986-8f94-4b0f-865e-f3d73f3f84c8,60744986-8f94-4b0f-865e-f3d73f3f84c8,BILDUNGSWERKSTATT LEBENSSCHULE  	VEREIN ZUR FÖRDERUNG VON AKTIVEM UND OFFENEM LERNEN,AT,EDU,True,True,,03/29/2019 00:00:00,4,182.39
a8fe4785-9555-499c-a372-c37f5aa9714d,a8fe4785-9555-499c-a372-c37f5aa9714d,ABOUTIT TECNOLOGIAS Y SERVICIOS LIMITADA,CL,SMC - SMB,True,False,,06/14/2025 00:00:00,6,176.84
81175641-3e0b-48ec-807b-96693a31e747,81175641-3e0b-48ec-807b-96693a31e747,ELISA IIANA JEWELRY,US,SMC - SMB,True,False,,04/03/2019 00:00:00,11,174.1
a2cb20cf-44fe-4ef6-86b2-b4bb87c493b5,a2cb20cf-44fe-4ef6-86b2-b4bb87c493b5,XENIA OY TILITOIMISTOPALVELUT,FI,SMC - SMB,True,False,,09/21/2022 00:00:00,1,164.18
d01c7f4a-6719-4a87-b39b-f8de003a3bfd,d01c7f4a-6719-4a87-b39b-f8de003a3bfd,SH ČMS - SBOR DOBROVOLNÝCH HASIČŮ VÁCLAVOVICE,CZ,SMC - SMB,True,False,,09/06/2024 00:00:00,17,158.04
26daa36e-e2c3-43ef-9f7a-a4cd4a30acbd,0c4db416-1fdb-489e-be3f-82a0f97a2229,HANDSCHIN,CH,SMC - SMB,True,False,,05/14/2022 00:00:00,2,147.75
915512f9-c4bb-4dd7-8853-797951fc9c8e,915512f9-c4bb-4dd7-8853-797951fc9c8e,AUTORIDAD DE PASAPORTE DE PANAMÁ,PA,SMC - Corporate,True,False,,05/29/2024 00:00:00,308,140.19
c668c68e-d195-4e83-88d7-8f793ce25e15,c668c68e-d195-4e83-88d7-8f793ce25e15,CHRISTIAN OUTREACH OF CANADA,CA,SMC - SMB,True,False,,06/21/2019 00:00:00,24,139.24
591f788b-754d-43b2-bf98-dae8a27b2895,591f788b-754d-43b2-bf98-dae8a27b2895,YKSITYISTEN KATSASTUSTOIMIPAIKKOJEN LIITTO RY,FI,SMC - SMB,True,False,,09/18/2022 00:00:00,11,138.88
61ba8c69-751c-4414-99d8-379296ce3c86,61ba8c69-751c-4414-99d8-379296ce3c86,AMADO JAIME SASTRE & ASOCIADOS,ES,SMC - SMB,True,False,,03/29/2019 00:00:00,3,136.26
7981ee91-6549-4a8d-88c2-09dd806fc6a8,7981ee91-6549-4a8d-88c2-09dd806fc6a8,SUDINERO S.R.O.,,,False,False,,03/29/2018 00:00:00,1,136.2
b93245bd-a7c5-43ce-a409-fe2704f1ca01,b93245bd-a7c5-43ce-a409-fe2704f1ca01,NIFTY INVEST S.R.O.,CZ,SMC - SMB,True,False,,08/27/2022 00:00:00,2,135.6
43235c48-8622-40fd-9f7b-e62e78d201e2,43235c48-8622-40fd-9f7b-e62e78d201e2,ספי יוסף קוזי,IL,SMC - SMB,True,False,,03/29/2019 00:00:00,1,134.65
88454c86-1f45-4ebe-a3f2-1391fa92d0f9,88454c86-1f45-4ebe-a3f2-1391fa92d0f9,ORYPORTUGAL ORG. DE PROD. S.A,PT,SMC - SMB,True,False,,07/19/2024 00:00:00,7,131.69
75246347-81d0-45c4-a107-ed96c099eee2,75246347-81d0-45c4-a107-ed96c099eee2,LABORATORIOS VIJOSA S.A. DE C.V.	 (MENSUAL),SV,SMC - SMB,True,False,,04/03/2019 00:00:00,11,125.28
b37fc988-146f-435c-9658-8f0d2363366f,b37fc988-146f-435c-9658-8f0d2363366f,MANUFACTURAS DEL VIDRIO CRISTALUX SL,ES,SMC - SMB,True,False,,03/29/2019 00:00:00,11,123.68
cd6efa8a-f1c5-4d60-a915-a23cc292964f,cd6efa8a-f1c5-4d60-a915-a23cc292964f,CREDIT UNION MANAGEMENT,IE,SMC - SMB,True,False,,03/29/2019 00:00:00,2,112.61
f26d9451-b64d-4bb6-a996-7c5fd229ff65,f26d9451-b64d-4bb6-a996-7c5fd229ff65,LONG BEACH CHRISTIAN REFORMED CHURCH,US,SMC - SMB,True,False,,05/22/2025 00:00:00,4,111.56
c6303dce-12cb-4e57-836f-225df2aec84f,c6303dce-12cb-4e57-836f-225df2aec84f,HÖGBERGA GÅRD HOTELL & KONFERENS AB,SE,Enterprise,True,False,,03/29/2019 00:00:00,22,108.96
517ca0bd-0d29-47e2-846a-dbf8f18af0f2,517ca0bd-0d29-47e2-846a-dbf8f18af0f2,PINTURAS TERMOPLÁSTICAS,PA,SMC - SMB,True,False,,05/01/2024 00:00:00,29,100.82
4ee091b2-d92c-426f-b239-22a7d91eeee9,4ee091b2-d92c-426f-b239-22a7d91eeee9,COMPLEXE THANATOLOGIQUE LUCAS FOURNIER INC.,CA,SMC - SMB,True,False,,10/27/2021 00:00:00,1,100.8
2d5d340c-3436-406c-a5f3-7d0f22eb681c,2d5d340c-3436-406c-a5f3-7d0f22eb681c,CITY OF VAUGHAN HOCKEY ASSOCIATION,CA,SMC - SMB,True,False,,11/03/2021 00:00:00,26,94.56
66a04341-d95e-4ab7-8011-1a5d6bf4f45e,66a04341-d95e-4ab7-8011-1a5d6bf4f45e,ROSTOW,IN,SMC - SMB,True,False,,08/13/2019 00:00:00,5,91.47
f71a2599-0f68-4226-ad53-9404c07265bf,f71a2599-0f68-4226-ad53-9404c07265bf,AVL SYSTEMS,IE,SMC - SMB,True,False,,03/08/2023 00:00:00,5,89.1
7b4b7c0f-b453-4180-8fed-f748dcf97c08,7b4b7c0f-b453-4180-8fed-f748dcf97c08,J'AMIES GYMNASTICS ACADEMY,GB,EDU,True,False,,10/10/2020 00:00:00,11,86.48
18fe23a7-9752-461c-916f-def808ff23f6,18fe23a7-9752-461c-916f-def808ff23f6,INSTITUTO PEDIÁTRICO DA BOAVISTA LDA,PT,SMC - SMB,True,False,,03/31/2019 00:00:00,1,85.96
c4e38d67-3987-4966-88eb-7e3cdaad3faf,c4e38d67-3987-4966-88eb-7e3cdaad3faf,SZKOŁA PODSTAWOWA NR 1 IM. TADEUSZA KOŚCIUSZKI W PUŁAWACH,PL,EDU,True,True,,03/29/2019 00:00:00,65,82.91
10c98b94-ce1b-4d0d-b529-7b583fc9ee60,10c98b94-ce1b-4d0d-b529-7b583fc9ee60,KANT.TOYSTORE,US,,False,False,,03/06/2025 00:00:00,1,81.88
a3679f72-9545-4cca-9eb3-905e8d3689b0,a3679f72-9545-4cca-9eb3-905e8d3689b0,CRESCENT CITY RETIREMENT GROUP,US,SMC - SMB,True,False,,11/09/2023 00:00:00,15,80.5
a0477eca-d3f8-4550-a2f3-84a54439be2b,a0477eca-d3f8-4550-a2f3-84a54439be2b,VILLASERVICE AS,NO,SMC - SMB,True,False,,06/21/2019 00:00:00,9,75.53
fe9297f2-de3c-4fdc-a43a-d390b8241a33,1c8ca1ec-068a-4e7a-a3a7-3a0477feeede,ROGERCARSON,NO,SMC - SMB,True,False,,08/22/2022 00:00:00,1,73.89
ca55765c-d8bc-4343-9cd9-a1b87f938562,ca55765c-d8bc-4343-9cd9-a1b87f938562,THE PEELLE COMPANY,US,SMC - SMB,True,False,,08/11/2023 00:00:00,6,73.46
cf5b0c6f-1703-4c41-a614-a377b0b5ba9e,cf5b0c6f-1703-4c41-a614-a377b0b5ba9e,EAGLE OIL REFINING COMPANY LLC,AE,SMC - SMB,True,False,,05/10/2024 00:00:00,4,73.02
47163833-983b-42af-974e-a25d08be351a,63e7cc4d-b42e-4b3b-ab01-29c6bc323d9a,ROY GILL,IL,SMC - SMB,True,False,,05/11/2022 00:00:00,2,71.95
4291768d-cd29-4452-b2a2-2f3f9726933a,4291768d-cd29-4452-b2a2-2f3f9726933a,JOYFORINNOVATION OY,FI,SMC - SMB,True,False,,03/29/2019 00:00:00,1,68.89
5df96af3-ccd8-4a5e-8666-bd50e6126af3,5df96af3-ccd8-4a5e-8666-bd50e6126af3,JEVANU,NL,SMC - SMB,False,False,,05/11/2022 00:00:00,0,64.52
5896a9fe-c404-48a7-8b5a-380247f6417d,5896a9fe-c404-48a7-8b5a-380247f6417d,FONDO DE COBERTURAS CREDITICIAS S.A.S.,CO,SMC - SMB,True,False,,01/19/2024 00:00:00,10,64.39
6ebd2294-b01b-4663-9ee7-d9da381e3f51,6ebd2294-b01b-4663-9ee7-d9da381e3f51,SUBMINISTRAMENTS HOTELERS CODINA SL,ES,SMC - SMB,True,False,,10/05/2023 00:00:00,35,61.46
45063611-5f00-46e8-9f3b-3bb5ae3cec4e,45063611-5f00-46e8-9f3b-3bb5ae3cec4e,RAIFFEISENBANK SCHWABMÜNCHEN-STAUDEN EG,DE,SMC - SMB,True,False,,12/05/2024 00:00:00,0,61.27
790d247c-2379-4376-bc09-fb46809f408b,790d247c-2379-4376-bc09-fb46809f408b,SZKOŁA PODSTAWOWA NR 14 IM. POWSTAŃCÓW WIELKOPOLSKICH W OSTROWIE WIELKOPOLSKIM,PL,EDU,True,True,,05/01/2021 00:00:00,274,60.93
135a5f18-b7c7-44fb-a5e5-3b96a2d10358,135a5f18-b7c7-44fb-a5e5-3b96a2d10358,"GRFI, THE FRERICHS GROUP",US,SMC - SMB,True,False,,04/21/2024 00:00:00,5,56.22
ea59a59e-6af5-4d15-8fee-6005be3dac9c,ea59a59e-6af5-4d15-8fee-6005be3dac9c,B2C ENTERPRISES,US,SMC - SMB,True,False,,03/06/2024 00:00:00,14,55.35
b6be3bf5-f78a-46ce-bc57-dc5faec2c0ad,b6be3bf5-f78a-46ce-bc57-dc5faec2c0ad,SICURIO S.R.O.,SK,,False,False,,03/01/2023 00:00:00,3,52.43
6974aa6b-f740-4cc7-a54b-1c305f1f5a17,6974aa6b-f740-4cc7-a54b-1c305f1f5a17,WENDY WELSH EVENTS MANAGMENT,GB,SMC - SMB,True,False,,03/29/2019 00:00:00,4,51.29
87f2457f-5c51-4450-83a1-4e55e7ec3657,87f2457f-5c51-4450-83a1-4e55e7ec3657,DE BRENNAN TOMLINSON,AU,SMC - SMB,True,False,,12/07/2018 00:00:00,1,50.23
0244cdf5-d30e-494f-844c-2a07fc47523c,0244cdf5-d30e-494f-844c-2a07fc47523c,"MUZEUM TĚŠÍNSKA, PŘÍSPĚVKOVÁ ORGANIZACE",CZ,SMC - SMB,True,True,,09/22/2024 00:00:00,65,48.34
a808faab-976a-4b6e-bb73-7e7cce53dc54,a808faab-976a-4b6e-bb73-7e7cce53dc54,INTERFEJS GLOBAL SYSTEM AB,SE,SMC - SMB,False,False,,05/12/2022 00:00:00,0,47.67
095b5646-a033-4079-9b7b-b3382c2347ec,095b5646-a033-4079-9b7b-b3382c2347ec,BIO FUND MANAGEMENT OY,FI,SMC - SMB,True,False,,03/29/2019 00:00:00,1,46.05
6b080061-7b4a-42e9-8411-b130ffbc75e4,6b080061-7b4a-42e9-8411-b130ffbc75e4,AL FOZAN FAMILY FUND,SA,SMC - SMB,True,False,,04/08/2024 00:00:00,1,40.94
99c008e1-785e-4b8b-a65b-824af987fb69,99c008e1-785e-4b8b-a65b-824af987fb69,ASIANAJOTOIMISTO PETER OLLUS KY,FI,SMC - SMB,True,False,,08/19/2022 00:00:00,2,40.88
ad9d85b0-f4d8-4c8f-b0e5-e20370187686,ad9d85b0-f4d8-4c8f-b0e5-e20370187686,"SOUKROMÁ STŘEDNÍ ŠKOLA PODNIKATELSKÁ - ALTMAN, S.R.O. JIČÍN",CZ,EDU,False,False,,10/06/2024 00:00:00,0,40.72
9a07ab1e-767c-4e94-95e1-5202c6de9305,9a07ab1e-767c-4e94-95e1-5202c6de9305,ABERCLEAN PLANT & SWEEPER HIRE,GB,SMC - SMB,True,False,,12/11/2020 00:00:00,4,40.28
eb681d7c-8fc2-4467-936a-16911765e58b,eb681d7c-8fc2-4467-936a-16911765e58b,OFICINA COMERCIAL DEL PERU EN COLOMBIA,CO,SMC - SMB,True,False,,04/03/2019 00:00:00,3,40.07
1a5de27a-e27d-4a56-82cb-8cb95660115e,c8a6806e-898c-41a0-b4f3-5b69f7c4fcc8,SUPER GALVANISING PTE LTD,SG,SMC - SMB,True,False,,07/27/2019 00:00:00,21,35.95
f10bbff2-55c3-4e30-ad5f-0454b0aa54cd,f10bbff2-55c3-4e30-ad5f-0454b0aa54cd,CORMIER MADISON,US,,True,True,,09/10/2024 00:00:00,877,34.43
55257a0d-17d8-4465-854b-d7ba367f8a54,55257a0d-17d8-4465-854b-d7ba367f8a54,LAW OFFICE OF JAY MURRAY,US,SMC - SMB,True,False,,05/13/2023 00:00:00,5,33.36
35c1092f-59e3-4350-8100-0cd5a8673223,35c1092f-59e3-4350-8100-0cd5a8673223,FREDRIK NILSSON ENGINEERING AB,SE,SMC - SMB,False,False,,08/24/2022 00:00:00,1,27.43
e04baa75-dda0-451f-a7f9-809b94ff9d8d,e04baa75-dda0-451f-a7f9-809b94ff9d8d,BRAND NEW ME (PTY) LTD,ZA,SMC - SMB,True,False,,07/07/2024 00:00:00,2,26.67
85bccc74-67b2-4d0f-be6b-39cb6299540c,85bccc74-67b2-4d0f-be6b-39cb6299540c,ALIMENTOS D VIDA S.A.S,CO,SMC - SMB,True,False,,05/06/2025 00:00:00,29,24.38
928bd1eb-82a2-4f1d-9a6f-493f2ec6b4b9,928bd1eb-82a2-4f1d-9a6f-493f2ec6b4b9,MULHOLLAND INSULATIONS,IE,SMC - SMB,True,False,,03/31/2019 00:00:00,2,24.28
cd35a648-c3c7-4bdc-88c9-01d4707d4347,cd35a648-c3c7-4bdc-88c9-01d4707d4347,KRAPIHOVI OY,FI,SMC - SMB,True,False,,03/29/2019 00:00:00,3,24.18
8d2fd422-4ed8-4980-bd9e-fd417921dc09,8d2fd422-4ed8-4980-bd9e-fd417921dc09,FOUNDATION FOR THE DEVELOPMENT OF WOMENS ENTREPRENEURSHIP,KG,SMC - SMB,True,False,,04/14/2024 00:00:00,6,21.91
1ebc37e3-4066-4c50-b0b8-13753a941d76,1ebc37e3-4066-4c50-b0b8-13753a941d76,FEDER.EMPR.TRANSP.PASSG.FRETAM.SP-FRESP,BR,SMC - SMB,True,False,,08/23/2019 00:00:00,1,21.54
07b246b5-7771-48c0-9700-b04434a46e1c,07b246b5-7771-48c0-9700-b04434a46e1c,RICHMOND MULTICULTURAL COMMUNITY SOCIETY,CA,SMC - SMB,True,False,,11/04/2021 00:00:00,21,20.74
b67ed282-84d7-4323-84bb-ba743648e5c8,b67ed282-84d7-4323-84bb-ba743648e5c8,FUNDACION EXODO,SV,SMC - SMB,True,False,,06/26/2024 00:00:00,7,20.48
4f2edfc6-aa6b-418e-b20d-a54fd2418858,4f2edfc6-aa6b-418e-b20d-a54fd2418858,MTS DE JONG,NL,SMC - SMB,True,False,,04/09/2024 00:00:00,1,20.06
3f4b35e5-9f8d-4d02-91c0-8b9d611e20d5,3f4b35e5-9f8d-4d02-91c0-8b9d611e20d5,CENTRO DE DIAGNOSTICO CLINICO,HN,SMC - SMB,True,False,,09/06/2024 00:00:00,2,18.17
23b2bf0b-89cb-4085-bef3-2590c5ecbb02,23b2bf0b-89cb-4085-bef3-2590c5ecbb02,SFOOD S.R.O.,CZ,SMC - SMB,True,False,,06/05/2024 00:00:00,14,17.47
ac38398a-7dbb-4dbb-933b-8fcfbeeb4a69,ac38398a-7dbb-4dbb-933b-8fcfbeeb4a69,STIFTUNG BEHINDERTEN-TRANSPORTE ZÜRICH,CH,SMC - SMB,True,False,,05/06/2024 00:00:00,17,14.44
104e4ea0-f3e2-48df-97f7-6cdefb233963,104e4ea0-f3e2-48df-97f7-6cdefb233963,ACADÉMIE DES JEUNES DU R.E. VIRTON,BE,SMC - SMB,True,False,,06/21/2019 00:00:00,27,14.03
6ffd38e6-0bb1-46b9-ad8c-dedaee931547,6ffd38e6-0bb1-46b9-ad8c-dedaee931547,4.	J&N EMBROIDERY,ZA,SMC - SMB,True,False,,06/21/2019 00:00:00,3,13.86
7ad66e03-976c-40ef-a4d2-c0597a976b6f,7ad66e03-976c-40ef-a4d2-c0597a976b6f,PHILIP KURI LTD,IL,SMC - SMB,True,False,,03/29/2019 00:00:00,5,13.44
ae173c9e-05ad-4867-a991-a5a1318e92ee,ae173c9e-05ad-4867-a991-a5a1318e92ee,FUNDACIÓN SINDROME DOWN,PR,SMC - SMB,True,False,,12/12/2024 00:00:00,19,13.41
57a3eb97-443a-4397-9246-ed5802ec7305,57a3eb97-443a-4397-9246-ed5802ec7305,SOC AGRICOLA LA ROTUNDA LIMITADA,CL,SMC - SMB,True,False,,04/03/2019 00:00:00,7,8.93
e851fcab-b892-429e-8845-e6aea6fa698a,e851fcab-b892-429e-8845-e6aea6fa698a,THE LAW DEPARTMENT,GB,SMC - SMB,True,False,,10/10/2021 00:00:00,15,8.83
af23c9aa-4af9-4f07-baec-be0b1233df1b,af23c9aa-4af9-4f07-baec-be0b1233df1b,"FUNDACJA NA RZECZ BUDOWY OTWARTEGO SPOŁECZEŃSTWA ""ONI-TO MY""",PL,SMC - SMB,True,False,,03/29/2019 00:00:00,1,8.21
9d7d2afc-27ef-40d9-ab8b-22b17a323152,9d7d2afc-27ef-40d9-ab8b-22b17a323152,TON MOOIJER ELEKTRA,NL,SMC - SMB,True,False,,06/21/2019 00:00:00,1,7.66
7f2c806d-10ba-4a0c-84fe-bce9a92cab1d,7f2c806d-10ba-4a0c-84fe-bce9a92cab1d,DPPA AUDIT SP. Z O.O.,PL,SMC - SMB,True,False,,09/03/2024 00:00:00,1,6.52
fb144a53-a732-43db-8aa2-8fc427fcd41b,fb144a53-a732-43db-8aa2-8fc427fcd41b,TROPICAL FINANCIAL CREDIT UNION,US,SMC - Corporate,False,False,,07/27/2022 00:00:00,0,6.28
8d27f0ae-21e0-41a5-857f-1a07cdf34c80,8d27f0ae-21e0-41a5-857f-1a07cdf34c80,"MTP ENGINEERING, S.A DE C.V",MX,SMC - SMB,True,False,,06/12/2024 00:00:00,8,5.9
6442b63b-25e1-4ba7-937e-d1b59e3273e5,6442b63b-25e1-4ba7-937e-d1b59e3273e5,"LAW OFFICE OF WREDE KIRKPATRICK, P.A.",US,SMC - SMB,True,False,,07/03/2019 00:00:00,1,5.27
451070ac-6e4d-497a-aa77-990d2b7cc941,451070ac-6e4d-497a-aa77-990d2b7cc941,FOREIGN INVESTORS COUNCIL,BA,SMC - SMB,True,False,,07/04/2024 00:00:00,2,5.04
a3c70e99-eb31-4625-b6b1-2843f7bd0619,a3c70e99-eb31-4625-b6b1-2843f7bd0619,GROSSALBER GMBH,,,False,False,,09/20/2018 00:00:00,0,4.53
5e45b0db-3be9-4f0e-8e3f-5172c1c52b50,5e45b0db-3be9-4f0e-8e3f-5172c1c52b50,MICORP BUILDERS	PTY LTD,AU,SMC - SMB,True,False,,12/07/2018 00:00:00,1,4.25
60e84220-5b68-4aa6-a6ac-f25357b3b978,60e84220-5b68-4aa6-a6ac-f25357b3b978,JUGEND- UND TAGUNGSSTAETTE WALKRINGEN,CH,SMC - SMB,True,False,,04/13/2025 00:00:00,9,4.13
c5e6f0ea-dc41-4396-9fea-84b56b10743c,c5e6f0ea-dc41-4396-9fea-84b56b10743c,EDIFISSE S.A.,EC,SMC - SMB,True,False,,04/03/2019 00:00:00,2,4.07
e1dfa39a-9063-4622-aad4-c1a94b47f1a0,e1dfa39a-9063-4622-aad4-c1a94b47f1a0,HERTSGAARD FINANS & FÖRSÄKRING AB,SE,SMC - SMB,True,False,,03/29/2019 00:00:00,1,4
d93a26e9-79ee-4b0f-a5f1-2fbd4250e6a1,d93a26e9-79ee-4b0f-a5f1-2fbd4250e6a1,FELIX ROSENSTIEL'S WIDOW & SON LTD,GB,SMC - SMB,True,False,,03/29/2019 00:00:00,1,3.86
bd0f1bce-700b-4165-a0e0-f06f8e254a37,bd0f1bce-700b-4165-a0e0-f06f8e254a37,SINOPA ENERGY INC.,CA,SMC - SMB,True,False,,06/21/2019 00:00:00,3,3.73
3ab0c2aa-4ba8-4b95-800b-9c2ee11b4d21,3ab0c2aa-4ba8-4b95-800b-9c2ee11b4d21,VC NETWORKS BV,NL,SMC - SMB,True,False,,03/29/2019 00:00:00,1,3.72
4dc47696-2ba1-48d2-abdb-3866ff56fc79,4dc47696-2ba1-48d2-abdb-3866ff56fc79,MEDICUS SERVICES S.R.O.,CZ,SMC - SMB,True,False,,03/29/2019 00:00:00,1,3.18
9d7b963c-fb04-4223-9563-6ce2f4dc486c,9d7b963c-fb04-4223-9563-6ce2f4dc486c,"WILLIAMS, WELSER & KRATCOSKI, LLC",US,SMC - SMB,True,False,,02/07/2024 00:00:00,9,3.14
e5c2c044-4c89-490c-8465-f7be3d12d668,e5c2c044-4c89-490c-8465-f7be3d12d668,STARK MANAGEMENT & CONSULTING,NL,SMC - SMB,True,False,,06/26/2020 00:00:00,1,2.83
4d571720-b5f6-4ebb-8f60-7cd640376680,4d571720-b5f6-4ebb-8f60-7cd640376680,CEREALES ALCAMANCHA  S C,ES,SMC - SMB,True,False,,06/01/2024 00:00:00,1,2.56
2cee7611-5a02-4674-ae40-b6c875334934,2cee7611-5a02-4674-ae40-b6c875334934,DI MARKUS KUHLANG ZT GMBH,AT,SMC - SMB,True,False,,03/22/2021 00:00:00,11,2.54
872c332c-e13a-4f96-b8a5-053d866a9af9,872c332c-e13a-4f96-b8a5-053d866a9af9,THE SANCTUARY - THE HILLS WOMEN'S SERVICE & SHELTER INC,AU,SMC - SMB,True,False,,12/07/2018 00:00:00,18,2.44
c52b0a41-97f4-475c-a356-4d62ebdf3f41,c52b0a41-97f4-475c-a356-4d62ebdf3f41,•	FAIR VALUE INFORMATION TECHNOLOGY SERVICES PVT LTD,IN,SMC - SMB,True,False,,12/07/2018 00:00:00,31,2.18
7340f90c-cee7-440b-80ac-f0f2f8e2de6f,7340f90c-cee7-440b-80ac-f0f2f8e2de6f,NAYAPAY,PK,SMC - SMB,True,False,,04/08/2024 00:00:00,16,2.16
69180bb8-fa47-4114-8e9d-9f8c2ebc24f3,69180bb8-fa47-4114-8e9d-9f8c2ebc24f3,JEAN-PHILIPPE	COMBLIN,BE,SMC - SMB,True,False,,03/29/2019 00:00:00,1,2.13
f24100e1-2302-4b8a-9207-e46458c5b4e8,f24100e1-2302-4b8a-9207-e46458c5b4e8,NATIONAL ASIAN PACIFIC AMERICAN BAR ASSOCIATION,US,SMC - SMB,True,False,,04/06/2019 00:00:00,11,1.76
27e6ae3f-33bf-471f-a82e-69d512b42846,27e6ae3f-33bf-471f-a82e-69d512b42846,NOCODEMASTERS,PL,SMC - SMB,False,False,,05/25/2023 00:00:00,17,1.72
6e89da00-e4e2-4cf0-bbb6-f06790c1a484,6e89da00-e4e2-4cf0-bbb6-f06790c1a484,PROJEKTSTRATEGI STOCKHOLM AB,SE,SMC - SMB,True,False,,03/29/2019 00:00:00,1,1.63
8e5e9846-3fc2-420e-ad90-6f17617b9cbe,8e5e9846-3fc2-420e-ad90-6f17617b9cbe,RAMESH SMB GROW,US,,False,False,,02/26/2024 00:00:00,0,1.48
82ffa4f2-2ec8-4a7d-ac7e-08010c28bdb9,82ffa4f2-2ec8-4a7d-ac7e-08010c28bdb9,"•	INGENIERÍA EN CERTIFICACIÓN FREDERICK, S.C.",MX,SMC - SMB,True,False,,06/21/2019 00:00:00,5,1.46
6c14e322-b2b7-4c9d-94b2-c0e334bc847b,6c14e322-b2b7-4c9d-94b2-c0e334bc847b,BW TRANSPORT,US,SMC - SMB,True,False,,04/03/2019 00:00:00,1,1.31
2da3ee4e-c453-40de-bea3-aca1e1c1a032,2da3ee4e-c453-40de-bea3-aca1e1c1a032,BKD LLP,US,Enterprise,True,False,,07/26/2024 00:00:00,8,1.29
eff6a210-5c5b-4c55-a64d-725eb083305c,eff6a210-5c5b-4c55-a64d-725eb083305c,DOUROTEL - ACTIVIDADES HOTELEIRAS LDA,PT,SMC - SMB,True,False,,10/08/2022 00:00:00,1,1.17
0199f660-af9f-4e22-b3f2-77517f67dde1,0199f660-af9f-4e22-b3f2-77517f67dde1,WILDERS PHYSIOTHERAPIE,CH,SMC - SMB,True,False,,02/26/2021 00:00:00,5,1.15
5eec8409-7fc2-4457-8b8a-3c3a922b2765,1b95f3f7-11a7-4ebf-b3d2-60708e0e0b24,SOUTH WEST GRID FOR LEARNING TRUST,GB,EDU,True,True,,05/12/2022 00:00:00,34,1.15
7065e0c9-e661-45e6-be1b-6ef5e6db112c,7065e0c9-e661-45e6-be1b-6ef5e6db112c,FILPOÇAS - MEDIAÇÃO DE SEGUROS,PT,SMC - SMB,False,False,,06/17/2020 00:00:00,0,0.93
28e2643a-6d8e-4486-8388-6c5b48f0b3d5,28e2643a-6d8e-4486-8388-6c5b48f0b3d5,VEDIGONÇALVES,PT,SMC - SMB,True,False,,03/29/2019 00:00:00,0,0.88
7100d39b-2ac9-42b8-8e92-e090810d85a0,6513e1f4-0257-484e-a50a-ce02c3ccb2e6,TICON TOURISMUS IMMOBILIEN CONSULTING GMBH,AT,SMC - SMB,True,False,,07/16/2024 00:00:00,1,0.66
54d8b54a-0c2b-41a4-96c8-e02a215b5a11,54d8b54a-0c2b-41a4-96c8-e02a215b5a11,EHPAD LA CHOCOLATIÈRE,FR,SMC - SMB,True,False,,03/29/2019 00:00:00,16,0.6
944f314a-998b-4012-a358-9a777bac6b62,944f314a-998b-4012-a358-9a777bac6b62,SYSPOINT S.R.O.,CZ,SMC - SMB,True,False,,04/09/2025 00:00:00,3,0.58
a79333c1-8520-405f-b167-a1158731f9d9,a79333c1-8520-405f-b167-a1158731f9d9,HASIČ-SERVIS POŽÁRNĚ BEZPEČNOSTNÍCH ZAŘÍZENÍ S.R.O.,CZ,SMC - SMB,True,False,,09/06/2024 00:00:00,5,0.55
42be944b-baf7-45dd-8160-87a378cd541d,42be944b-baf7-45dd-8160-87a378cd541d,有限会社	北九州自由高等学院,JP,SMC - SMB,True,False,,06/21/2019 00:00:00,7,0.48
453f8ce4-7e5f-4a3c-9356-0391eac39199,453f8ce4-7e5f-4a3c-9356-0391eac39199,DELIGIORGIS X & SIA EE,GR,SMC - SMB,False,False,,05/14/2022 00:00:00,0,0.43
59aa0b04-f8f1-4144-a4aa-8d3fd17ea16b,59aa0b04-f8f1-4144-a4aa-8d3fd17ea16b,薩摩ハム株式会社,JP,SMC - SMB,False,False,,09/25/2021 00:00:00,0,0.42
c46e1cd3-0559-484e-babb-ee2eca8607d6,c46e1cd3-0559-484e-babb-ee2eca8607d6,株式会社AOI,JP,SMC - SMB,True,False,,12/08/2021 00:00:00,12,0.42
a59201d2-b5c4-494d-9289-0a56a6cf5139,a59201d2-b5c4-494d-9289-0a56a6cf5139,	MINETTI ANGELO SRL,IT,SMC - SMB,True,False,,03/29/2019 00:00:00,24,0.42
981aefdc-addf-43a2-a691-4ad9cc1d18ad,981aefdc-addf-43a2-a691-4ad9cc1d18ad,STADLER RECYCLING MEXICO,MX,SMC - SMB,True,False,,04/26/2024 00:00:00,4,0.42
c2789b77-9257-4f95-bd9d-1556b318ac01,c2789b77-9257-4f95-bd9d-1556b318ac01,PALMA SUITES PLAZA MERCADAL SL,ES,SMC - SMB,True,False,,05/01/2021 00:00:00,6,0.41
d8fb1821-8439-4c50-94ce-15821b9a3415,d8fb1821-8439-4c50-94ce-15821b9a3415,"TALLERES Y MONTAJES CEBA, SL",ES,SMC - SMB,False,False,,08/18/2024 00:00:00,0,0.4
3a47f453-18ce-4987-8563-e5d49d9aa699,3a47f453-18ce-4987-8563-e5d49d9aa699,AURORE FOURNIRET ETUDE,BE,SMC - SMB,True,False,,08/19/2022 00:00:00,9,0.39
eccc0c00-607c-46b3-ab0b-c10297308a2b,eccc0c00-607c-46b3-ab0b-c10297308a2b,SANDBOX BOJAN,NL,,False,False,,09/21/2024 00:00:00,2,0.38
07ed7645-b30a-4079-acb6-c6f9b6537079,07ed7645-b30a-4079-acb6-c6f9b6537079,ELLENBROOK FALCONS HOCKEY CLUB INC.,AU,SMC - SMB,True,False,,11/22/2024 00:00:00,10,0.29
8689065c-637e-4a2e-b620-28be521a8632,b581ac15-a61a-40f1-b0a6-2f75f5ec1d2d,REESSINK HOLDING BV,NL,SMC - SMB,True,False,,05/12/2022 00:00:00,2,0.28
7d47924b-8f55-4838-88cd-f913e6d3887c,7d47924b-8f55-4838-88cd-f913e6d3887c,WEBER SOLANO,DO,SMC - SMB,True,False,,05/15/2024 00:00:00,5,0.25
75b8d6ca-ca18-4aa3-b64d-5eca8548ed0b,75b8d6ca-ca18-4aa3-b64d-5eca8548ed0b,TEST_TEST_SPOPROVHEARTBEAT_PROJ_15_20191019164403,DE,SMC - SMB,False,False,,11/22/2020 00:00:00,2,0.23
dff108bd-286f-49f4-a5e7-930e30c8f726,dff108bd-286f-49f4-a5e7-930e30c8f726,LAVISYS.CO.IL,IL,SMC - SMB,True,False,,01/19/2021 00:00:00,1,0.22
57e6d5fc-ff82-4fea-802e-6a2b477975e6,57e6d5fc-ff82-4fea-802e-6a2b477975e6,TOYO MOTOR NORD,RO,SMC - SMB,True,False,,03/29/2019 00:00:00,9,0.22
17b0eb1d-b6eb-4829-a260-ec0c2612950f,17b0eb1d-b6eb-4829-a260-ec0c2612950f,REYNOLDS TOPLINE PROVIDERS,IE,SMC - SMB,True,False,,03/29/2019 00:00:00,2,0.2
0bac042a-3781-44a1-ac3c-92ae5f48a931,0bac042a-3781-44a1-ac3c-92ae5f48a931,TEST_TEST_SPOPROVHEARTBEAT_PROJ_15_20190813011814,DE,,False,False,,11/22/2020 00:00:00,2,0.19
adc79645-4191-4d15-95cc-129dc2951cab,adc79645-4191-4d15-95cc-129dc2951cab,TEST_TEST_SPOPROVHEARTBEAT_PROJ_15_20190806000644,DE,,False,False,,11/22/2020 00:00:00,2,0.19
8e7a18ba-1b49-424f-83f6-93cd52c28e02,8e7a18ba-1b49-424f-83f6-93cd52c28e02,TEST_TEST_SPOPROVHEARTBEAT_PROJ_15_20190825004016,DE,,False,False,,11/22/2020 00:00:00,2,0.19
abc1f89a-6c6a-4c6f-bfd9-e15d31837397,abc1f89a-6c6a-4c6f-bfd9-e15d31837397,VELIKA030401,,,True,False,,03/09/2017 00:00:00,0,0.18
1999727b-98da-4754-a13c-1bada26c54d3,1999727b-98da-4754-a13c-1bada26c54d3,GONZA COMPANY280,,,True,False,,03/16/2017 00:00:00,1,0.18
8851a6f6-c01d-4e8b-8a8b-ba8ba2ec09f7,8851a6f6-c01d-4e8b-8a8b-ba8ba2ec09f7,CREDIT FIX ME,,,True,False,,03/16/2017 00:00:00,1,0.18
cd0f410e-d1da-4c94-a5d4-b64c3615f310,cd0f410e-d1da-4c94-a5d4-b64c3615f310,QA,,,True,False,,02/15/2017 00:00:00,,0.18
08a9b817-3279-4b1e-92d9-9f70a0af14b7,08a9b817-3279-4b1e-92d9-9f70a0af14b7,AMPHIGEAN,,,True,False,,03/16/2017 00:00:00,1,0.18
f1a8f0cb-517c-4440-a89a-fb9e99a774f1,f1a8f0cb-517c-4440-a89a-fb9e99a774f1,CONTOSO,,,True,False,,03/06/2017 00:00:00,5,0.18
f47d7c85-5eb3-4959-bd70-b37a0f8758c1,f47d7c85-5eb3-4959-bd70-b37a0f8758c1,TEST COMPANY,,,True,False,,03/16/2017 00:00:00,2,0.18
124165fb-ebe3-4d10-8435-8f5d326c6565,124165fb-ebe3-4d10-8435-8f5d326c6565,PAVM GMGH,,,True,False,,03/12/2017 00:00:00,0,0.18
edcf8544-8020-430f-920f-0f4932a844a9,a409269f-eb4e-4f9d-9b8d-144023973fcf,CBS ICHTHUS,NL,EDU,True,True,,03/29/2019 00:00:00,40,0.18
583b15b3-0bb7-44be-adad-41399ceb2a3c,583b15b3-0bb7-44be-adad-41399ceb2a3c,SP4209FI,,,True,False,,03/03/2017 00:00:00,0,0.18
73f325f5-bcdf-469c-857a-d5f04e3a7234,73f325f5-bcdf-469c-857a-d5f04e3a7234,JM TEST,,,True,False,,03/16/2017 00:00:00,2,0.18
036d47b6-9e7d-4ac3-9922-4658693ea973,036d47b6-9e7d-4ac3-9922-4658693ea973,SP5906NL,,,True,False,,02/26/2017 00:00:00,0,0.18
aa64c988-6557-42dc-96f5-ba949f87141e,aa64c988-6557-42dc-96f5-ba949f87141e,CA,,,True,False,,03/24/2017 00:00:00,0,0.18
afe4e8a9-fba8-45d1-8279-a4992088dba6,afe4e8a9-fba8-45d1-8279-a4992088dba6,SP487510,,,True,False,,02/17/2017 00:00:00,0,0.18
297840da-b07a-4203-8623-001e2ab16897,297840da-b07a-4203-8623-001e2ab16897,"HIDROGESOL DE MEXICO, S.A DE C.V",MX,SMC - SMB,True,False,,05/06/2025 00:00:00,1,0.17
859dd17e-d521-4f32-8366-7ab7b730e94f,859dd17e-d521-4f32-8366-7ab7b730e94f,TEST_TEST_SPOPROVHEARTBEAT_PROJ_15_20200125000420,DE,,False,False,,11/22/2020 00:00:00,2,0.17
5c8baa93-bce3-4b31-9cf1-4d0e81b09bcf,5c8baa93-bce3-4b31-9cf1-4d0e81b09bcf,TEST_TEST_SPOPROVHEARTBEAT_PROJ_15_20210410081123,DE,,False,False,,04/13/2021 00:00:00,2,0.16
455f70cb-2c58-4303-939e-2e3bf8b361d4,455f70cb-2c58-4303-939e-2e3bf8b361d4,TEST_TEST_SPOPROVHEARTBEAT_PROJ_15_20210712060357,DE,,False,False,,07/16/2021 00:00:00,2,0.16
b6b50fc7-5c4d-4aba-9a20-d584111742a9,b6b50fc7-5c4d-4aba-9a20-d584111742a9,TEST_TEST_SPOPROVHEARTBEAT_PROJ_15_20210313110040,DE,,False,False,,04/01/2021 00:00:00,0,0.16
c8f595d9-527e-42c4-8a7e-ae51c607f0f0,c8f595d9-527e-42c4-8a7e-ae51c607f0f0,TEST_TEST_SPOPROVHEARTBEAT_PROJ_15_20210709235913,DE,,False,False,,07/15/2021 00:00:00,2,0.16
972b99cf-6da7-462d-9157-17fde744230b,972b99cf-6da7-462d-9157-17fde744230b,TEST_TEST_SPOPROVHEARTBEAT_PROJ_15_20210715162922,DE,,False,False,,07/18/2021 00:00:00,2,0.16
3c7c57a3-4bad-48c4-8afb-8ea06b8b86d7,3c7c57a3-4bad-48c4-8afb-8ea06b8b86d7,TEST_TEST_SPOPROVHEARTBEAT_PROJ_15_20210407021704,DE,,False,False,,04/13/2021 00:00:00,2,0.16
96d5f0cf-0ec8-49a4-8e94-2c1dcaa19755,96d5f0cf-0ec8-49a4-8e94-2c1dcaa19755,TEST_TEST_SPOPROVHEARTBEAT_PROJ_15_20210316201047,DE,,False,False,,04/01/2021 00:00:00,2,0.16
96c20770-ba4b-4b8d-a6d6-ab409ace30dc,96c20770-ba4b-4b8d-a6d6-ab409ace30dc,TEST_TEST_SPOPROVHEARTBEAT_PROJ_15_20210711013613,DE,,False,False,,07/14/2021 00:00:00,2,0.16
5616bff9-db96-4a6e-a2c3-f7f592a633d1,5616bff9-db96-4a6e-a2c3-f7f592a633d1,TEST_TEST_SPOPROVHEARTBEAT_PROJ_15_20191005001050,DE,,False,False,,11/22/2020 00:00:00,2,0.16
98820301-6967-46d5-b2e6-568bd5438d3d,98820301-6967-46d5-b2e6-568bd5438d3d,TEST_TEST_SPOPROVHEARTBEAT_PROJ_15_20210408034549,DE,,False,False,,04/13/2021 00:00:00,2,0.16
1f4dff73-8e5f-46a5-b449-4fa18e611fff,1f4dff73-8e5f-46a5-b449-4fa18e611fff,TEST_TEST_SPOPROVHEARTBEAT_PROJ_15_20210711015114,DE,,False,False,,07/14/2021 00:00:00,2,0.16
3591231b-a9fb-4d29-8292-0f6ede3dcdd6,3591231b-a9fb-4d29-8292-0f6ede3dcdd6,TEST_TEST_SPOPROVHEARTBEAT_PROJ_15_20210709234410,DE,,False,False,,07/14/2021 00:00:00,2,0.16
5f7f085c-b299-4bba-a744-1892eb48e2fc,5f7f085c-b299-4bba-a744-1892eb48e2fc,TEST_TEST_SPOPROVHEARTBEAT_PROJ_15_20210717041119,DE,,False,False,,07/21/2021 00:00:00,2,0.16
dc04d086-266c-4fe1-869b-561a0b0075a8,dc04d086-266c-4fe1-869b-561a0b0075a8,TEST_TEST_SPOPROVHEARTBEAT_PROJ_15_20210316200146,DE,,False,False,,04/01/2021 00:00:00,2,0.16
f920c249-061c-48e7-a826-2e2b7bfa1e61,f920c249-061c-48e7-a826-2e2b7bfa1e61,TEST_TEST_SPOPROVHEARTBEAT_PROJ_15_20210717035918,DE,,False,False,,07/21/2021 00:00:00,2,0.16
f2a28eba-4b0a-4099-b7e0-74d0a4ddef85,f2a28eba-4b0a-4099-b7e0-74d0a4ddef85,TEST_TEST_SPOPROVHEARTBEAT_PROJ_15_20210709235011,DE,,False,False,,07/16/2021 00:00:00,2,0.16
2e2359aa-42fa-4ec9-bc03-1abb349772ee,2e2359aa-42fa-4ec9-bc03-1abb349772ee,TEST_TEST_SPOPROVHEARTBEAT_PROJ_15_20210316195246,DE,,False,False,,04/02/2021 00:00:00,2,0.16
bdb1e67a-905e-4e35-a005-ed52b4dbb706,bdb1e67a-905e-4e35-a005-ed52b4dbb706,TEST_TEST_SPOPROVHEARTBEAT_PROJ_15_20210407020204,DE,,False,False,,04/13/2021 00:00:00,2,0.16
d7406521-5850-4c70-805c-3334ad7f4e8e,d7406521-5850-4c70-805c-3334ad7f4e8e,TEST_TEST_SPOPROVHEARTBEAT_PROJ_15_20210709232610,DE,,False,False,,07/14/2021 00:00:00,2,0.16
e647e9e0-06de-48ac-ac1d-b00ab1a39d8c,e647e9e0-06de-48ac-ac1d-b00ab1a39d8c,TEST_TEST_SPOPROVHEARTBEAT_PROJ_15_20210312055950,DE,,False,False,,04/02/2021 00:00:00,2,0.16
5f606aa8-32cf-4126-b687-281cc7d6c7ae,5f606aa8-32cf-4126-b687-281cc7d6c7ae,TEST_TEST_SPOPROVHEARTBEAT_PROJ_15_20210313105140,DE,,False,False,,04/02/2021 00:00:00,2,0.16
6286be43-be25-458e-bbb4-7aabbfeaa955,6286be43-be25-458e-bbb4-7aabbfeaa955,TEST_TEST_SPOPROVHEARTBEAT_PROJ_15_20210408034249,DE,,False,False,,04/13/2021 00:00:00,2,0.16
e387bba0-3bd7-4715-830d-151e8430df1b,e387bba0-3bd7-4715-830d-151e8430df1b,TEST_TEST_SPOPROVHEARTBEAT_PROJ_15_20210410081427,DE,,False,False,,04/16/2021 00:00:00,2,0.16
fc9e8575-0175-4302-981d-396c34122e23,fc9e8575-0175-4302-981d-396c34122e23,TEST_TEST_SPOPROVHEARTBEAT_PROJ_15_20210410081727,DE,,False,False,,04/16/2021 00:00:00,2,0.16
538fff5c-eec2-4596-8a61-b4f2528dbd06,538fff5c-eec2-4596-8a61-b4f2528dbd06,TEST_TEST_SPOPROVHEARTBEAT_PROJ_15_20210316200748,DE,,False,False,,04/01/2021 00:00:00,2,0.16
2bee88b9-d32e-4b6b-ae10-0f13a95a183d,2bee88b9-d32e-4b6b-ae10-0f13a95a183d,TEST_TEST_SPOPROVHEARTBEAT_PROJ_15_20191118155542,DE,,False,False,,11/22/2020 00:00:00,2,0.16
e2b27fa9-c4de-40e8-9a28-01c2bfde745b,e2b27fa9-c4de-40e8-9a28-01c2bfde745b,TEST_TEST_SPOPROVHEARTBEAT_PROJ_15_20210707160409,DE,,False,False,,07/14/2021 00:00:00,2,0.16
e2871404-fada-41dd-ab99-c28b86e3768d,e2871404-fada-41dd-ab99-c28b86e3768d,TEST_TEST_SPOPROVHEARTBEAT_PROJ_15_20210720051053,DE,,False,False,,07/23/2021 00:00:00,2,0.16
fe76d845-2a6b-486b-afdf-765fd93cefa0,fe76d845-2a6b-486b-afdf-765fd93cefa0,TEST_TEST_SPOPROVHEARTBEAT_PROJ_15_20210709233809,DE,,False,False,,07/16/2021 00:00:00,2,0.16
e4e66152-5ab1-4b83-8617-cedb7d89b6e9,e4e66152-5ab1-4b83-8617-cedb7d89b6e9,TEST_TEST_SPOPROVHEARTBEAT_PROJ_15_20210715163221,DE,,False,False,,07/18/2021 00:00:00,2,0.16
52e052e0-301c-4680-80a5-b0c1c9ea9f08,52e052e0-301c-4680-80a5-b0c1c9ea9f08,TEST_TEST_SPOPROVHEARTBEAT_PROJ_15_20210707161011,DE,,False,False,,07/14/2021 00:00:00,2,0.16
2279d146-3bed-4145-9aa0-a0fecd85544a,2279d146-3bed-4145-9aa0-a0fecd85544a,TEST_TEST_SPOPROVHEARTBEAT_PROJ_15_20210319014938,DE,,False,False,,03/24/2021 00:00:00,2,0.16
ec302f07-7722-441c-9faf-07a8b7293fe8,ec302f07-7722-441c-9faf-07a8b7293fe8,TEST_TEST_SPOPROVHEARTBEAT_PROJ_15_20210408033648,DE,,False,False,,04/20/2021 00:00:00,2,0.16
f3a00fa7-32c5-40e3-b79c-c71c38ecb3cd,f3a00fa7-32c5-40e3-b79c-c71c38ecb3cd,TEST_TEST_SPOPROVHEARTBEAT_PROJ_15_20210711015714,DE,,False,False,,07/14/2021 00:00:00,2,0.16
327ec93d-9aa4-4408-80e3-963b066bac73,327ec93d-9aa4-4408-80e3-963b066bac73,TEST_TEST_SPOPROVHEARTBEAT_PROJ_15_20210709234111,DE,,False,False,,07/15/2021 00:00:00,2,0.16
e08e4ddd-3a9c-4573-b3ab-dd8fadcdb14d,e08e4ddd-3a9c-4573-b3ab-dd8fadcdb14d,TEST_TEST_SPOPROVHEARTBEAT_PROJ_15_20210407022306,DE,,False,False,,04/12/2021 00:00:00,2,0.16
a7874520-e5c1-4c66-a784-8ea133f073a9,a7874520-e5c1-4c66-a784-8ea133f073a9,TEST_TEST_SPOPROVHEARTBEAT_PROJ_15_20210711014214,DE,,False,False,,07/14/2021 00:00:00,2,0.16
190dea4f-3aad-428d-b08d-2d28a31337eb,190dea4f-3aad-428d-b08d-2d28a31337eb,TEST_TEST_SPOPROVHEARTBEAT_PROJ_15_20210711012711,DE,,False,False,,07/14/2021 00:00:00,2,0.16
2f81c51e-c42f-4a77-ba50-bb348cc52614,2f81c51e-c42f-4a77-ba50-bb348cc52614,TEST_TEST_SPOPROVHEARTBEAT_PROJ_15_20210313110341,DE,,False,False,,04/01/2021 00:00:00,2,0.16
6582ad96-c58c-48c9-8b0d-b65e157712fe,6582ad96-c58c-48c9-8b0d-b65e157712fe,TEST_TEST_SPOPROVHEARTBEAT_PROJ_15_20210710001113,DE,,False,False,,07/16/2021 00:00:00,2,0.16
4b063584-d558-4f3b-8b36-cbb7b169046f,4b063584-d558-4f3b-8b36-cbb7b169046f,TEST_TEST_SPOPROVHEARTBEAT_PROJ_15_20210715164725,DE,,False,False,,07/21/2021 00:00:00,2,0.16
31ce59e7-4ba5-4599-b4dd-6c95814b78bc,31ce59e7-4ba5-4599-b4dd-6c95814b78bc,TEST_TEST_SPOPROVHEARTBEAT_PROJ_15_20210707161912,DE,,False,False,,07/14/2021 00:00:00,2,0.16
93fecde6-5a6d-47c8-a841-02f57e235efc,93fecde6-5a6d-47c8-a841-02f57e235efc,TEST_TEST_SPOPROVHEARTBEAT_PROJ_15_20210316195546,DE,,False,False,,04/01/2021 00:00:00,2,0.16
943856e6-da69-4d6e-9a0b-5b5b63f547c3,943856e6-da69-4d6e-9a0b-5b5b63f547c3,TEST_TEST_SPOPROVHEARTBEAT_PROJ_15_20210313104841,DE,,False,False,,04/01/2021 00:00:00,2,0.16
acd522e2-feba-4862-be04-93dc962a8238,acd522e2-feba-4862-be04-93dc962a8238,TEST_TEST_SPOPROVHEARTBEAT_PROJ_15_20210711014514,DE,,False,False,,07/14/2021 00:00:00,2,0.16
a6ce878d-a4a0-458a-8507-c4bb1b194cf8,a6ce878d-a4a0-458a-8507-c4bb1b194cf8,TEST_TEST_SPOPROVHEARTBEAT_PROJ_15_20210710000813,DE,,False,False,,07/14/2021 00:00:00,2,0.16
c51ed227-2326-4b60-bb15-db4ba2f8fbe2,c51ed227-2326-4b60-bb15-db4ba2f8fbe2,TEST_TEST_SPOPROVHEARTBEAT_PROJ_15_20210717042318,DE,,False,False,,07/21/2021 00:00:00,2,0.16
3142abd8-5f36-47fe-9672-7485618ca6b0,3142abd8-5f36-47fe-9672-7485618ca6b0,TEST_TEST_SPOPROVHEARTBEAT_PROJ_15_20210408033948,DE,,False,False,,04/13/2021 00:00:00,2,0.16
50ec5c57-4fd0-482d-a239-6272ca8dc780,50ec5c57-4fd0-482d-a239-6272ca8dc780,TEST_TEST_SPOPROVHEARTBEAT_PROJ_15_20210717035618,DE,,False,False,,07/21/2021 00:00:00,2,0.16
2a145746-fb73-463e-b145-e86592a4ce8e,2a145746-fb73-463e-b145-e86592a4ce8e,TEST_TEST_SPOPROVHEARTBEAT_PROJ_15_20210709235612,DE,,False,False,,07/16/2021 00:00:00,2,0.16
b35031c3-8bf4-4678-b58a-5a1b26788164,b35031c3-8bf4-4678-b58a-5a1b26788164,TEST_TEST_SPOPROVHEARTBEAT_PROJ_15_20210717041420,DE,,False,False,,07/21/2021 00:00:00,2,0.16
2a92df16-5d53-465a-bc01-308e29f8a87b,2a92df16-5d53-465a-bc01-308e29f8a87b,TEST_TEST_SPOPROVHEARTBEAT_PROJ_15_20210316200447,DE,,False,False,,04/02/2021 00:00:00,2,0.16
ab3b4d5a-6daa-4016-a5fc-7abcf76042ea,ab3b4d5a-6daa-4016-a5fc-7abcf76042ea,TEST_TEST_SPOPROVHEARTBEAT_PROJ_15_20210712060959,DE,,False,False,,07/16/2021 00:00:00,2,0.16
6f4b3c06-ef53-4d67-977f-11e67360a902,6f4b3c06-ef53-4d67-977f-11e67360a902,TEST_TEST_SPOPROVHEARTBEAT_PROJ_15_20210715164423,DE,,False,False,,07/18/2021 00:00:00,2,0.16
29610d2d-0811-49b9-9746-b7b66ff71749,29610d2d-0811-49b9-9746-b7b66ff71749,TEST_TEST_SPOPROVHEARTBEAT_PROJ_15_20210407022906,DE,,False,False,,04/13/2021 00:00:00,2,0.16
aa53a2b4-5625-45ff-b83c-5771e6f43878,aa53a2b4-5625-45ff-b83c-5771e6f43878,TEST_TEST_SPOPROVHEARTBEAT_PROJ_15_20210313105744,DE,,False,False,,04/01/2021 00:00:00,2,0.16
9d64e190-8617-4a4a-adac-92e446c93bc8,9d64e190-8617-4a4a-adac-92e446c93bc8,TEST_TEST_SPOPROVHEARTBEAT_PROJ_15_20210709235312,DE,,False,False,,07/14/2021 00:00:00,2,0.16
a5b81004-af8c-4a24-a206-a4cf2b500479,a5b81004-af8c-4a24-a206-a4cf2b500479,TEST_TEST_SPOPROVHEARTBEAT_PROJ_15_20210711015415,DE,,False,False,,07/15/2021 00:00:00,2,0.16
5012e445-3ee7-4e13-9aa1-150919e282ae,5012e445-3ee7-4e13-9aa1-150919e282ae,TEST_TEST_SPOPROVHEARTBEAT_PROJ_15_20210717040519,DE,,False,False,,07/21/2021 00:00:00,2,0.16
9dbc4e7c-14ee-4786-a83f-ce3bd61a2695,9dbc4e7c-14ee-4786-a83f-ce3bd61a2695,TEST_TEST_SPOPROVHEARTBEAT_PROJ_15_20210710001415,DE,,False,False,,07/14/2021 00:00:00,2,0.16
b4e1e12a-f161-41d2-9aa9-67565d2fa1b2,b4e1e12a-f161-41d2-9aa9-67565d2fa1b2,TEST_TEST_SPOPROVHEARTBEAT_PROJ_15_20210715163523,DE,,False,False,,07/21/2021 00:00:00,2,0.16
13ff8af7-602f-4e47-a0cd-41f1295e73bb,13ff8af7-602f-4e47-a0cd-41f1295e73bb,TEST_TEST_SPOPROVHEARTBEAT_PROJ_15_20210707161613,DE,,False,False,,07/14/2021 00:00:00,2,0.16
24bc0806-eea5-48a8-a361-3474b4a85ea8,24bc0806-eea5-48a8-a361-3474b4a85ea8,TEST_TEST_SPOPROVHEARTBEAT_PROJ_15_20210711013913,DE,,False,False,,07/14/2021 00:00:00,2,0.16
14ab6c5c-bf57-4eb3-8e22-d3dec817ab32,14ab6c5c-bf57-4eb3-8e22-d3dec817ab32,TEST_TEST_SPOPROVHEARTBEAT_PROJ_15_20210715164122,DE,,False,False,,07/18/2021 00:00:00,2,0.16
14b4d5e8-fc28-4823-a5e8-1830d0680c17,14b4d5e8-fc28-4823-a5e8-1830d0680c17,TEST_TEST_SPOPROVHEARTBEAT_PROJ_15_20210311042049,DE,,False,False,,04/01/2021 00:00:00,2,0.16
24ceb0ee-6716-4f13-aac9-52f44b76bf3b,24ceb0ee-6716-4f13-aac9-52f44b76bf3b,TEST_TEST_SPOPROVHEARTBEAT_PROJ_15_20210710000513,DE,,False,False,,07/16/2021 00:00:00,2,0.16
a17f0dd2-14a8-4e54-9c44-bbdb0db20bbf,a17f0dd2-14a8-4e54-9c44-bbdb0db20bbf,TEST_TEST_SPOPROVHEARTBEAT_PROJ_15_20210407022005,DE,,False,False,,04/13/2021 00:00:00,2,0.16
7fcbac75-d17e-4098-915f-fe8808e2fb21,7fcbac75-d17e-4098-915f-fe8808e2fb21,TEST_TEST_SPOPROVHEARTBEAT_PROJ_15_20210709232909,DE,,False,False,,07/14/2021 00:00:00,2,0.16
6c53313a-ce31-4bc4-9da7-f233eb84cf3b,6c53313a-ce31-4bc4-9da7-f233eb84cf3b,TEST_TEST_SPOPROVHEARTBEAT_PROJ_15_20210407021104,DE,,False,False,,04/13/2021 00:00:00,2,0.16
1c8382e8-0b97-47be-b176-0c8bd9fa677e,1c8382e8-0b97-47be-b176-0c8bd9fa677e,TEST_TEST_SPOPROVHEARTBEAT_PROJ_15_20210410082627,DE,,False,False,,04/16/2021 00:00:00,2,0.16
8b5029e3-02b8-4ddc-a4f9-e6cf840d2dc1,8b5029e3-02b8-4ddc-a4f9-e6cf840d2dc1,TEST_TEST_SPOPROVHEARTBEAT_PROJ_15_20210410082326,DE,,False,False,,04/16/2021 00:00:00,2,0.16
ab5a900a-a3d3-45af-88f1-aea64cf63c38,ab5a900a-a3d3-45af-88f1-aea64cf63c38,TEST_TEST_SPOPROVHEARTBEAT_PROJ_15_20210313105442,DE,,False,False,,04/02/2021 00:00:00,2,0.16
1bcd9fc1-eaef-4fa7-a2fa-35d286dd638b,1bcd9fc1-eaef-4fa7-a2fa-35d286dd638b,TEST_TEST_SPOPROVHEARTBEAT_PROJ_15_20210407011350,DE,,False,False,,04/16/2021 00:00:00,2,0.16
fa961670-d2c0-4e9c-9ee5-22361665896d,fa961670-d2c0-4e9c-9ee5-22361665896d,TEST_TEST_SPOPROVHEARTBEAT_PROJ_15_20210711012412,DE,,False,False,,07/15/2021 00:00:00,2,0.16
d2b23586-7c5b-461f-8d40-24724f3443ea,d2b23586-7c5b-461f-8d40-24724f3443ea,TEST_TEST_SPOPROVHEARTBEAT_PROJ_15_20210311041748,DE,,False,False,,04/01/2021 00:00:00,2,0.16
d2bef4b2-72c9-4aa3-97c9-946dbbb982b1,d2bef4b2-72c9-4aa3-97c9-946dbbb982b1,TEST_TEST_SPOPROVHEARTBEAT_PROJ_15_20210718004321,DE,,False,False,,07/21/2021 00:00:00,2,0.16
d0ae14b6-7016-4c19-90b0-24afd1144d9f,d0ae14b6-7016-4c19-90b0-24afd1144d9f,TEST_TEST_SPOPROVHEARTBEAT_PROJ_15_20210707161313,DE,,False,False,,07/14/2021 00:00:00,2,0.16
41cc1efc-2bbe-4622-9fa3-e4a0759d8c74,41cc1efc-2bbe-4622-9fa3-e4a0759d8c74,TEST_TEST_SPOPROVHEARTBEAT_PROJ_15_20210718004622,DE,,False,False,,07/21/2021 00:00:00,2,0.16
ce9f3e19-8310-4716-9378-764da8f1e5f1,ce9f3e19-8310-4716-9378-764da8f1e5f1,TEST_TEST_SPOPROVHEARTBEAT_PROJ_15_20210407015903,DE,,False,False,,04/13/2021 00:00:00,2,0.16
d1c99dcb-d5c9-456d-80a3-0288b81c3142,d1c99dcb-d5c9-456d-80a3-0288b81c3142,TEST_TEST_SPOPROVHEARTBEAT_PROJ_15_20210717041719,DE,,False,False,,07/21/2021 00:00:00,2,0.16
4cff40f7-c662-4539-8f81-c429760d3742,4cff40f7-c662-4539-8f81-c429760d3742,TEST_TEST_SPOPROVHEARTBEAT_PROJ_15_20210709233211,DE,,False,False,,07/16/2021 00:00:00,2,0.16
b0de516c-c73f-4199-b5c9-a7bfb023d305,b0de516c-c73f-4199-b5c9-a7bfb023d305,TEST_TEST_SPOPROVHEARTBEAT_PROJ_15_20210709233509,DE,,False,False,,07/14/2021 00:00:00,2,0.16
0ae49463-25a4-4a52-9430-1f18e67a47f3,0ae49463-25a4-4a52-9430-1f18e67a47f3,TEST_TEST_SPOPROVHEARTBEAT_PROJ_15_20210617031234,DE,,False,False,,06/20/2021 00:00:00,2,0.16
af4d4d8b-96fd-48b7-9134-293b9bd1b485,af4d4d8b-96fd-48b7-9134-293b9bd1b485,TEST_TEST_SPOPROVHEARTBEAT_PROJ_15_20210410082032,DE,,False,False,,04/13/2021 00:00:00,2,0.16
077119a4-d8cf-4136-a810-7496ec5188b1,077119a4-d8cf-4136-a810-7496ec5188b1,TEST_TEST_SPOPROVHEARTBEAT_PROJ_15_20210712055456,DE,,False,False,,07/15/2021 00:00:00,2,0.16
de2a7c1c-a96d-4841-bd95-087699812d0b,de2a7c1c-a96d-4841-bd95-087699812d0b,TEST_TEST_SPOPROVHEARTBEAT_PROJ_15_20210713070745,DE,,False,False,,07/16/2021 00:00:00,2,0.16
76c5ddbd-47ed-42ce-832e-e8c785a7511d,76c5ddbd-47ed-42ce-832e-e8c785a7511d,TEST_TEST_SPOPROVHEARTBEAT_PROJ_15_20210312060249,DE,,False,False,,04/01/2021 00:00:00,2,0.16
9f5815ea-70dc-4e4c-96c8-947fbd6e4eed,9f5815ea-70dc-4e4c-96c8-947fbd6e4eed,TEST_TEST_SPOPROVHEARTBEAT_PROJ_15_20210711012111,DE,,False,False,,07/14/2021 00:00:00,2,0.16
73ff718a-1ca4-4963-a9d4-819107a55a09,73ff718a-1ca4-4963-a9d4-819107a55a09,TEST_TEST_SPOPROVHEARTBEAT_PROJ_15_20210713071345,DE,,False,False,,07/16/2021 00:00:00,2,0.16
7421791f-14a2-4a86-b9a4-7e75cfadd558,7421791f-14a2-4a86-b9a4-7e75cfadd558,TEST_TEST_SPOPROVHEARTBEAT_PROJ_15_20210717042020,DE,,False,False,,07/21/2021 00:00:00,2,0.16
21e94a99-cf65-425b-880c-025fec60aafe,21e94a99-cf65-425b-880c-025fec60aafe,TEST_TEST_SPOPROVHEARTBEAT_PROJ_15_20210316195847,DE,,False,False,,04/01/2021 00:00:00,2,0.16
373dca54-29a6-441b-8f30-908ec7a39705,373dca54-29a6-441b-8f30-908ec7a39705,TEST_TEST_SPOPROVHEARTBEAT_PROJ_15_20210313104539,DE,,False,False,,04/01/2021 00:00:00,2,0.16
b54065ce-f49f-469a-8422-3effe4937284,b54065ce-f49f-469a-8422-3effe4937284,TEST_TEST_SPOPROVHEARTBEAT_PROJ_15_20210712055756,DE,,False,False,,07/16/2021 00:00:00,2,0.16
5b9d5656-7c8c-4919-a7e2-29970f58ff94,5b9d5656-7c8c-4919-a7e2-29970f58ff94,TEST_TEST_SPOPROVHEARTBEAT_PROJ_15_20210409110559,DE,,False,False,,04/16/2021 00:00:00,2,0.16
5bb3bd19-888e-445f-aee3-7d67c22d6f9f,5bb3bd19-888e-445f-aee3-7d67c22d6f9f,TEST_TEST_SPOPROVHEARTBEAT_PROJ_15_20191018164137,DE,,False,False,,11/22/2020 00:00:00,2,0.16
45ab1a92-82b6-4139-bd0e-825537f15204,45ab1a92-82b6-4139-bd0e-825537f15204,TEST_TEST_SPOPROVHEARTBEAT_PROJ_15_20210410080824,DE,,False,False,,04/13/2021 00:00:00,2,0.16
a46076a5-9441-4dcf-9f75-27abff9a9718,a46076a5-9441-4dcf-9f75-27abff9a9718,NOOVLE SPA - ​​CIP.MP (RAINBOW TIM),IT,,False,False,,09/21/2024 00:00:00,3,0.16
768e357d-8502-45b6-b313-7a11a313fec7,768e357d-8502-45b6-b313-7a11a313fec7,TEST_TEST_PROJECT_SELFSERVICEHB_202410140527_X3D0ETKWA5,US,,False,False,,02/10/2025 00:00:00,0,0.15
784a91f9-92c8-4b70-b195-cfcf07fdb1d6,784a91f9-92c8-4b70-b195-cfcf07fdb1d6,DEMOHENKO,NL,,False,False,,09/21/2024 00:00:00,1,0.15
06310f5d-84be-4da7-8d60-9274f17bbea2,06310f5d-84be-4da7-8d60-9274f17bbea2,KRISSXYZ,MY,,False,False,,09/21/2024 00:00:00,0,0.15
eb6521db-15d6-4461-8ac4-ffc860aa6d48,eb6521db-15d6-4461-8ac4-ffc860aa6d48,EUSKALTEL SRL,RO,SMC - SMB,True,False,,03/29/2019 00:00:00,6,0.14
120153d2-b5dd-43af-a6b3-5b7ededfc1fc,120153d2-b5dd-43af-a6b3-5b7ededfc1fc,IVJQX.QRAKO,MO,,False,False,,03/22/2024 00:00:00,5000,0.12
370f73e2-7fda-48f0-b454-2345881d07c5,370f73e2-7fda-48f0-b454-2345881d07c5,CWRTP.XDOKJ,MO,,False,False,,03/22/2024 00:00:00,5000,0.11
6de78ed8-8eb2-4d8e-a910-5e29f6b7a526,1009a78f-4e11-4f6c-893e-59d413300487,DYNA CONSULT BT.,HU,SMC - SMB,True,False,,05/12/2022 00:00:00,1,0.11
5c09f102-50f9-4705-8ba2-d39fdf1c8657,5c09f102-50f9-4705-8ba2-d39fdf1c8657,FRANK DEVELOPMENT GROUP,US,SMC - SMB,True,False,,03/24/2024 00:00:00,6,0.11
54570d2e-25b7-45af-bdff-424b90e99e03,54570d2e-25b7-45af-bdff-424b90e99e03,"JUNGE & MELE, LLP",US,SMC - Corporate,True,False,,05/17/2023 00:00:00,2,0.1
